Count,Sum,Mean,Median,Mode,Std,Min,Max,25%,50%,75%,Skewness,Kurtosis
146,950,6.506849315068493,2.0,[1],15.330495448431497,1,140,1,2,5.75,6.127495243201799,44.89460025956492
