Count,Sum,Mean,Median,Mode,Std,Min,Max,25%,50%,75%,Skewness,Kurtosis
487,38655368,79374.47227926078,66707.0,[73340],62412.48744243255,220,591758,36523,66707,108302,2.3221883545366775,11.666340145522923
