Count,Sum,Mean,Median,Mode,Std,Min,Max,25%,50%,75%,Skewness,Kurtosis
961,191891,199.67845993756504,70.0,[1],636.3430970233686,1,6735,21,70,197,8.867623306097233,83.93503466032023
