Count,Sum,Mean,Median,Mode,Std,Min,Max,25%,50%,75%,Skewness,Kurtosis
1000,1578,1.578,1.0,[1],0.7378756402405899,1,4,1,1,2,1.1378375838323889,0.749585579189433
