Count,Sum,Mean,Median,Mode,Std,Min,Max,25%,50%,75%,Skewness,Kurtosis
965,4693,4.8632124352331605,4.0,[1],4.357464150045568,0,41,2,4,7,2.4213256335340807,10.609310265038692
