Count,Sum,Mean,Median,Mode,Std,Min,Max,25%,50%,75%,Skewness,Kurtosis
844,1896,2.2464454976303316,2.0,[1],1.724411064384418,0,18,1,2,3,3.8994575042560906,26.53121596852455
