Count,Sum,Mean,Median,Mode,Std,Min,Max,25%,50%,75%,Skewness,Kurtosis
70,73374,1048.2,13.0,[12],8615.895861467465,0,72104,12,13,22,8.36654210559436,69.99934135315758
