Count,Sum,Mean,Median,Mode,Std,Min,Max,25%,50%,75%,Skewness,Kurtosis
22,2157,98.04545454545455,11.5,[1],167.5411754003936,1,537,3,11.5,93.75,1.9621636200852466,2.8305383769815284
