Count,Sum,Mean,Median,Mode,Std,Min,Max,25%,50%,75%,Skewness,Kurtosis
299,4494,15.03010033444816,4.0,[1],34.5624970889468,1,319,2,4,13,5.390084200936359,34.831820276467795
