Count,Sum,Mean,Median,Mode,Std,Min,Max,25%,50%,75%,Skewness,Kurtosis
990,5734,5.791919191919192,5.0,[3],4.307814442559255,1,37,3,5,7.75,2.5463646716582318,11.651815583569793
