Count,Sum,Mean,Median,Mode,Std,Min,Max,25%,50%,75%,Skewness,Kurtosis
193,3752,19.440414507772022,3.0,[1],51.15161108405047,1,377,1,3,14,5.150286669880906,29.74567972588064
